{
    "Meta": {
        "1.Train": "data/ml-100k/u2.base",
        "2.Test": "data/ml-100k/u2.test",
        "3.Measurements": 1
    },
    "B.1": {
        "1.GlobalAvg": 943,
        "2.User1Avg": 3.63302752293578,
        "3.Item1Avg": 3.888268156424581,
        "4.Item1AvgDev": 0.3027072341444875,
        "5.PredUser1Item1": 4.046819980619529
    },
    "B.2": {
        "1.GlobalAvgMAE": 0.9489109899999697,
        "2.UserAvgMAE": 0.8383401457987351,
        "3.ItemAvgMAE": 0.8206951490543668,
        "4.BaselineMAE": 0.7604467914538644
    },
    "B.3": {
        "1.GlobalAvg": {
            "average (ms)": 24.198717,
            "stddev (ms)": 0
        },
        "2.UserAvg": {
            "average (ms)": 1170.774424,
            "stddev (ms)": 0
        },
        "3.ItemAvg": {
            "average (ms)": 2595.216709,
            "stddev (ms)": 0
        },
        "4.Baseline": {
            "average (ms)": 46250.558342,
            "stddev (ms)": 0
        }
    }
}