{
    "Meta": {
        "1.Train": "data/ml-100k/u2.base",
        "2.Test": "data/ml-100k/u2.test",
        "3.Measurements": 5
    },
    "B.1": {
        "1.GlobalAvg": 3.5264625,
        "2.User1Avg": 3.63302752293578,
        "3.Item1Avg": 3.888268156424581,
        "4.Item1AvgDev": 0.3027072341444875,
        "5.PredUser1Item1": 4.046819980619529
    },
    "B.2": {
        "1.GlobalAvgMAE": 0.9489109899999697,
        "2.UserAvgMAE": 0.8383401457987351,
        "3.ItemAvgMAE": 0.8206951490543668,
        "4.BaselineMAE": 0.7604467914538644
    },
    "B.3": {
        "1.GlobalAvg": {
            "average (ms)": 16.4715842,
            "stddev (ms)": 3.5107256811940175
        },
        "2.UserAvg": {
            "average (ms)": 74.0038118,
            "stddev (ms)": 11.525862343567558
        },
        "3.ItemAvg": {
            "average (ms)": 65.0766054,
            "stddev (ms)": 3.4712858854182977
        },
        "4.Baseline": {
            "average (ms)": 103.6691706,
            "stddev (ms)": 9.4303367245218
        }
    }
}