{
    "Meta": {
        "1.Train": "data/ml-100k/u2.base",
        "2.Test": "data/ml-100k/u2.test",
        "3.Master": "local[4]",
        "4.Measurements": 0
    },
    "D.1": {
        "1.GlobalAvg": 3.5264625,
        "2.User1Avg": 3.63302752293578,
        "3.Item1Avg": 3.888268156424581,
        "4.Item1AvgDev": 0.30270723414448747,
        "5.PredUser1Item1": 4.046819980619529,
        "6.Mae": 2.2
    },
    "D.2": {
        "1.DistributedBaseline": {
            "average (ms)": 0,
            "stddev (ms)": 0
        }
    }
}